,UB,LB,Epsilon,MasterTime,LLTime
0,[612.44227817],359.1630022257078,-0.2516342961221154,0.06378769874572754,0.03989362716674805
1,[363.73067491],363.24364462609094,-0.007701438460506527,0.08672904968261719,0.01396036148071289
2,[363.45053909],363.40961696222416,-0.0010493247937173322,0.10283422470092773,0.01495981216430664
3,[363.43736713],363.42957037781014,-0.0002214257299462119,0.10774660110473633,0.016919374465942383
4,[363.43536988],363.4336192281927,-5.0315951445778495e-05,0.11070489883422852,0.014960289001464844
5,[363.4349249],363.4344841257484,-1.2760732163830113e-05,0.11768603324890137,0.01595759391784668
6,[363.43481344],363.43470341669746,-3.1842015189020856e-06,0.11170196533203125,0.017950773239135742
7,[363.4347873],363.43476034967847,-7.80765263996841e-07,0.10471940040588379,0.014961004257202148
