,UB,LB,Epsilon,MasterTime,LLTime
0,[612.44227817],359.1630022257078,-0.2516342961221154,0.06439638137817383,0.054822683334350586
1,[363.73067491],363.24364462609094,-0.007701438460506527,0.0882120132446289,0.015956640243530273
2,[363.45053909],363.40961696222416,-0.0010493247937173322,0.09574413299560547,0.014960765838623047
3,[363.43736713],363.42957037781014,-0.0002214257299462119,0.09884023666381836,0.015960693359375
4,[363.43536988],363.4336192281927,-5.0315951445778495e-05,0.10361623764038086,0.015955448150634766
5,[363.4349249],363.4344841257484,-1.2760732163830113e-05,0.10681486129760742,0.01695394515991211
6,[363.43481344],363.43470341669746,-3.1842015189020856e-06,0.11369776725769043,0.017950773239135742
7,[363.4347873],363.43476034967847,-7.80765263996841e-07,0.10821795463562012,0.016955852508544922
