,MasterObj,Epsilon,MasterTime,LLTime
0,359.1630022257078,-0.2516342961221154,0.08980298042297363,0.058800458908081055
1,363.24364462609094,-0.007701438460506527,0.11772012710571289,0.020947694778442383
2,363.40961696222416,-0.0010493247937173322,0.12769007682800293,0.020101070404052734
3,363.42957037781014,-0.0002214257299462119,0.13364410400390625,0.01990675926208496
4,363.4336192281927,-5.0315951445778495e-05,0.13464570045471191,0.01894545555114746
5,363.4344841257484,-1.2760732163830113e-05,0.13859200477600098,0.020944595336914062
6,363.43470341669746,-3.1842015189020856e-06,0.14033031463623047,0.021903038024902344
7,363.43476034967847,-7.80765263996841e-07,0.13767433166503906,0.01894974708557129
