,UB,LB,Epsilon,MasterTime,LLTime
0,[612.44748167],359.1630022257076,-0.25163688096208325,0.06242489814758301,0.0035200119018554688
1,[363.72937161],363.2448199883389,-0.007674315872051363,0.07201790809631348,0.002672910690307617
2,[363.45106854],363.4091678349764,-0.0010719746412881648,0.08074092864990234,0.0029380321502685547
3,[363.4375027],363.42935964353074,-0.0002310252324400075,0.08502912521362305,0.0026559829711914062
4,[363.43540715],363.43355362956845,-5.3253672977593425e-05,0.08970069885253906,0.002415180206298828
5,[363.43493176],363.4344647536574,-1.351917604885955e-05,0.09491395950317383,0.0027887821197509766
6,[363.4348159],363.434699756005,-3.3615035803791216e-06,0.08687520027160645,0.002490997314453125
7,[363.43478771],363.4347590576304,-8.300287186457922e-07,0.09438490867614746,0.003692626953125
