,UB,LB,Epsilon,MasterTime,LLTime
0,[21459.05696215],359.1630022257078,-0.2516342961221154,0.14140915870666504,0.04996633529663086
1,[21459.05696215],363.24364462609094,-0.007701438460506527,0.159745454788208,0.0363156795501709
2,[21459.05696215],363.40961696222416,-0.0010493247937173322,0.17990541458129883,0.02792835235595703
3,[21459.05696215],363.42957037781014,-0.0002214257299462119,0.2235250473022461,0.026020526885986328
4,[21459.05696215],363.4336192281927,-5.0315951445778495e-05,0.17659687995910645,0.02392721176147461
5,[21459.05696215],363.4344841257484,-1.2760732163830113e-05,0.19499635696411133,0.023068904876708984
6,[21459.05696215],363.43470341669746,-3.1842015189020856e-06,0.18049263954162598,0.022129535675048828
7,363.43476034967847,363.43476034967847,-7.80765263996841e-07,0.11610627174377441,0.016954421997070312
