,UB,LB,Epsilon,MasterTime,LLTime
0,inf,359.1630022257078,-0.2516342961221154,0.2505483627319336,0.13294267654418945
1,[367.13140589],363.24364462609094,-0.007701438460506527,0.2616288661956787,0.05224275588989258
2,[363.5744203],363.40961696222416,-0.0010493247937173322,0.2745041847229004,0.055948734283447266
3,[363.5744203],363.42957037781014,-0.0002214257299462119,0.2712280750274658,0.05570220947265625
4,[363.5744203],363.4336192281927,-5.0315951445778495e-05,0.296541690826416,0.05566048622131348
5,[363.46402181],363.4344841257484,-1.2760732163830113e-05,0.30701780319213867,0.055414676666259766
6,[363.46402181],363.43470341669746,-3.1842015189020856e-06,0.36060500144958496,0.05884361267089844
7,363.43476034967847,363.43476034967847,-7.80765263996841e-07,0.143845796585083,0.03092217445373535
