,UB,LB,Epsilon,MasterTime,LLTime
0,inf,359.1630022257076,-0.25163688096208325,0.1584789752960205,0.0066204071044921875
1,[367.13365449],363.2448199883389,-0.007674315872051363,0.19274592399597168,0.004919290542602539
2,[363.57568747],363.4091678349764,-0.0010719746412881648,0.21709895133972168,0.0050961971282958984
3,[363.57568747],363.42935964353074,-0.0002310252324400075,0.21050810813903809,0.005250215530395508
4,[363.57568747],363.43355362956845,-5.3253672977593425e-05,0.23037004470825195,0.005414247512817383
5,[363.46380562],363.4344647536574,-1.351917604885955e-05,0.2677741050720215,0.005637168884277344
6,[363.46380562],363.434699756005,-3.3615035803791216e-06,0.21834945678710938,0.005139827728271484
7,363.4347590576304,363.4347590576304,-8.300287186457922e-07,0.11975383758544922,0.002549886703491211
