,UB,LB,Epsilon,MasterTime,LLTime
0,[690.1484548],355.7794200229227,-0.2891232586551773,0.06382989883422852,0.015957117080688477
1,[359.14751017],358.46504142341695,-0.010944658987431577,0.08381080627441406,0.01496124267578125
2,[358.64214239],358.62851589753024,-0.0005967988987238826,0.09370613098144531,0.015956640243530273
3,[358.63817621],358.6371716885934,-4.926780651670626e-05,0.0937492847442627,0.01654791831970215
4,[358.6379696],358.6378925944819,-3.7945192192800903e-06,0.09874629974365234,0.015912771224975586
5,[358.63795415],358.6379481789998,-2.946490598176865e-07,0.09968376159667969,0.016954898834228516
