,UB,LB,Epsilon,MasterTime,LLTime
0,[690.1484548],355.77942002292156,-0.2891232586551782,0.05826616287231445,0.002624988555908203
1,[359.14751017],358.4650414234164,-0.010944658987430689,0.07255291938781738,0.0024619102478027344
2,[358.64214239],358.6285158975292,-0.0005967988987216621,0.07959198951721191,0.0029740333557128906
3,[358.63817621],358.6371716885944,-4.926780650560403e-05,0.08231687545776367,0.0028989315032958984
4,[358.6379696],358.6378925944821,-3.7945192414845508e-06,0.08070707321166992,0.0025589466094970703
5,[358.63795415],358.6379481789992,-2.946490540445268e-07,0.09102797508239746,0.002779245376586914
