,MasterObj,Epsilon,MasterTime,LLTime
0,355.7794200229227,-0.2891232586551773,0.09773826599121094,0.023936033248901367
1,358.46504142341695,-0.010944658987431577,0.13563251495361328,0.024939537048339844
2,358.62851589753024,-0.0005967988987238826,0.14058423042297363,0.024932861328125
3,358.6371716885934,-4.926780651670626e-05,0.14956212043762207,0.02198052406311035
4,358.6378925944819,-3.7945192192800903e-06,0.13065481185913086,0.02294015884399414
5,358.6379481789998,-2.946490598176865e-07,0.13559389114379883,0.021933794021606445
