,UB,LB,Epsilon,MasterTime,LLTime
0,[690.1484548],355.7794200229227,-0.2891232586551773,0.09382867813110352,0.01781177520751953
1,[359.14751017],358.46504142341695,-0.010944658987431577,0.08485150337219238,0.015956401824951172
2,[358.64214239],358.62851589753024,-0.0005967988987238826,0.09574413299560547,0.016748666763305664
3,[358.63817621],358.6371716885934,-4.926780651670626e-05,0.09441018104553223,0.017072677612304688
4,[358.6379696],358.6378925944819,-3.7945192192800903e-06,0.1033163070678711,0.01795196533203125
5,[358.63795415],358.6379481789998,-2.946490598176865e-07,0.09973573684692383,0.01747727394104004
