,UB,LB,Epsilon,MasterTime,LLTime
0,[51718.78462232],355.7794200229227,-0.2891232586551773,0.1423931121826172,0.02796196937561035
1,[51718.78462232],358.46504142341695,-0.010944658987431577,0.16400361061096191,0.027913808822631836
2,[51718.78462232],358.62851589753024,-0.0005967988987238826,0.172926664352417,0.027960777282714844
3,[51718.78462232],358.6371716885934,-4.926780651670626e-05,0.18014311790466309,0.02393317222595215
4,[51718.78462232],358.6378925944819,-3.7945192192800903e-06,0.20418143272399902,0.023932933807373047
5,358.6379481789998,358.6379481789998,-2.946490598176865e-07,0.10422992706298828,0.01597905158996582
