,UB,LB,Epsilon,MasterTime,LLTime
0,inf,355.77942002292156,-0.2891232586551782,0.1583409309387207,0.004678964614868164
1,[360.64408692],358.4650414234164,-0.010944658987430689,0.1980278491973877,0.005421161651611328
2,[360.64408692],358.6285158975292,-0.0005967988987216621,0.2070600986480713,0.005357027053833008
3,[358.8332176],358.6371716885944,-4.926780650560403e-05,0.20972704887390137,0.005167961120605469
4,[358.64534072],358.6378925944821,-3.7945192414845508e-06,0.22382616996765137,0.004846811294555664
5,358.6379481789992,358.6379481789992,-2.946490540445268e-07,0.09938883781433105,0.0026497840881347656
