,UB,LB,Epsilon,MasterTime,LLTime
0,inf,355.7794200229227,-0.2891232586551773,0.23953032493591309,0.058596134185791016
1,[360.64408692],358.46504142341695,-0.010944658987431577,0.2819845676422119,0.051785945892333984
2,[360.64408692],358.62851589753024,-0.0005967988987238826,0.27001261711120605,0.05396676063537598
3,[358.8332176],358.6371716885934,-4.926780651670626e-05,0.28275084495544434,0.05876016616821289
4,[358.64534072],358.6378925944819,-3.7945192192800903e-06,0.2731451988220215,0.06272149085998535
5,358.6379481789998,358.6379481789998,-2.946490598176865e-07,0.12027263641357422,0.028417110443115234
