,UB,LB,Epsilon,MasterTime,LLTime
0,[60079.88741806],351.9466284871704,-3.864192696721047,0.4910728931427002,1.9483680725097656
1,[7852.74817748],485.7621785138321,-1.3484798194480594,0.5458259582519531,0.00284576416015625
2,[1880.5799323],515.4920313239962,-0.5716800096244712,0.4721829891204834,0.003100156784057617
3,[1369.7682323],557.6713112668248,-0.4311015633959896,0.48459792137145996,3886.8511850833893
4,[622.87757145],564.8420876255036,-0.1023612414770303,0.5426130294799805,14120.262055158615
