,UB,LB,Epsilon,MasterTime,LLTime
0,[60079.7628085],351.94662848717104,-3.864188665813822,0.3690216541290283,5.3026509284973145
1,[7847.91069216],485.8132320072649,-1.3480261918281395,0.4208378791809082,0.0178983211517334
2,[1880.49457813],515.5048010965035,-0.5716595121360937,0.44385671615600586,0.01691126823425293
3,[1378.06225933],557.5974888902937,-0.4334142813848474,0.45781993865966797,18331.914903640747
