,UB,LB,Epsilon,MasterTime,LLTime
0,inf,351.9466284871704,-3.864192696721047,1.0801692008972168,3.9131267070770264
1,inf,485.7621785138321,-1.3484798194480594,1.1098768711090088,0.00540614128112793
2,inf,515.4920313239962,-0.5716800096244712,1.1297595500946045,0.00533604621887207
3,inf,557.6713112668248,-0.4311015633959896,1.226294994354248,5272.680669307709
4,inf,564.8420876255036,-0.1023612414770303,1.2705020904541016,12739.873342752457
