,UB,LB,Epsilon,MasterTime,LLTime
0,inf,351.94662848717104,-3.864188665813822,1.0403263568878174,10.585793495178223
1,inf,485.8132320072649,-1.3480261918281395,1.1423652172088623,0.038022518157958984
2,inf,515.5048010965035,-0.5716595121360937,1.1945664882659912,0.03786277770996094
3,inf,557.5974888902937,-0.4334142813848474,1.1968305110931396,18006.453289031982
