,MasterObjRes,MasterObjRel,Epsilon,MasterTime,LLTime
0,353.25393011311775,-inf,0.0,0.27127718925476074,0.0
1,[353.25396202],353.2489219014729,2.983295548952218,0.5106346607208252,0.0019948482513427734
2,[353.24860717],353.24860577189395,2.9817421340860535,0.4697449207305908,0.002990245819091797
