,UB,LB,Epsilon,MasterTime,LLTime
0,[353.24860714],353.2486071397843,2.981746939600082,0.054558753967285156,0.0024268627166748047
