,UB,LB,Epsilon,MasterTime,LLTime
0,[353.24860714],353.24860713978495,2.981746939600081,0.06682205200195312,0.00897526741027832
