,UB,LB,Epsilon,MasterTime,LLTime
0,[353.24860714],353.24860713978495,2.981746939600081,0.06378936767578125,0.0069811344146728516
