,MasterObj,Epsilon,MasterTime,LLTime
0,353.24860713978495,2.981746939600081,0.08577466011047363,0.010976791381835938
