,MasterObjRes,MasterObjRel,Epsilon,MasterTime,LLTime
0,353.25393011311775,-inf,0.0,0.2467179298400879,0.0
1,[353.25396202],353.2489219014729,2.983295548952218,0.4749290943145752,0.001850128173828125
2,[353.24860717],353.24860577189395,2.9817421340860535,0.44037294387817383,0.002213716506958008
