,MasterObjRes,MasterObjRel,Epsilon,MasterTime,LLTime
0,353.25393011311775,-inf,0.0,0.22558999061584473,0.0
1,[353.25393133],353.24861362622136,2.9820097218904307,0.4571669101715088,0.0019230842590332031
2,[353.24860741],353.24860291964615,2.981724534222313,0.41352105140686035,0.0019028186798095703
