,MasterObjRes,MasterObjRel,Epsilon,MasterTime,LLTime
0,353.2539301377407,-inf,0.0,0.39488697052001953,0.0
1,[353.25396202],353.24892217907853,2.9832955489569617,0.5891015529632568,0.002980947494506836
2,[353.24860717],353.24860580406033,2.981742134074886,0.5446457862854004,0.002969026565551758
