,UB,LB,Epsilon,MasterTime,LLTime
0,353.2486071397843,353.2486071397843,2.981746939600082,0.08824896812438965,0.004661083221435547
