,UB,LB,Epsilon,MasterTime,LLTime
0,353.2486071397843,353.2486071397843,2.981746939600082,0.05926513671875,0.002190113067626953
