,UB,LB,Epsilon,MasterTime,LLTime
0,353.24860713978495,353.24860713978495,2.981746939600081,0.09003543853759766,0.014957427978515625
