,UB,LB,Epsilon,MasterTime,LLTime
0,353.24860713978495,353.24860713978495,2.981746939600081,0.06580829620361328,0.008976459503173828
