,UB,LB,Epsilon,MasterTime,LLTime
0,[520.21149538],363.84971697051884,-0.1977130359965653,0.06284618377685547,0.013948202133178711
1,[365.60245608],365.60206810816703,-2.1779653883280403e-05,0.08477354049682617,0.014955759048461914
2,[365.60240561],365.6023971770096,-4.755380316190383e-07,0.09475374221801758,0.014955759048461914
