,UB,LB,Epsilon,MasterTime,LLTime
0,[520.21149538],363.84971697051884,-0.1977130359965653,0.07174968719482422,0.014960050582885742
1,[365.60245608],365.60206810816703,-2.1779653883280403e-05,0.08876204490661621,0.015958070755004883
2,[365.60240561],365.6023971770096,-4.755380316190383e-07,0.09392666816711426,0.014960765838623047
