,UB,LB,Epsilon,MasterTime,LLTime
0,[520.21149538],363.84971697051867,-0.19771303599656553,0.0566709041595459,0.0027430057525634766
1,[365.60245608],365.6020681081672,-2.177965388505676e-05,0.0729970932006836,0.002591848373413086
2,[365.60240561],365.60239717700875,-4.755380220711203e-07,0.08383679389953613,0.002679109573364258
