,MasterObj,Epsilon,MasterTime,LLTime
0,363.84971697051884,-0.1977130359965653,0.09773850440979004,0.021941184997558594
1,365.60206810816703,-2.1779653883280403e-05,0.13463973999023438,0.023936986923217773
2,365.6023971770096,-4.755380316190383e-07,0.1466069221496582,0.02593088150024414
