,UB,LB,Epsilon,MasterTime,LLTime
0,inf,363.84971697051884,-0.1977130359965653,0.18351101875305176,0.031879425048828125
1,[367.82297003],365.60206810816703,-2.1779653883280403e-05,0.22144389152526855,0.030881643295288086
2,365.6023971770096,365.6023971770096,-4.755380316190383e-07,0.09171319007873535,0.014960289001464844
