,UB,LB,Epsilon,MasterTime,LLTime
0,inf,363.84971697051867,-0.19771303599656553,0.15572786331176758,0.005575656890869141
1,[367.82297003],365.6020681081672,-2.177965388505676e-05,0.24016118049621582,0.005960941314697266
2,365.60239717700875,365.60239717700875,-4.755380220711203e-07,0.08410382270812988,0.0023338794708251953
