,UB,LB,Epsilon,MasterTime,LLTime
0,inf,363.84971697051884,-0.1977130359965653,0.20603227615356445,0.0528106689453125
1,[367.82297003],365.60206810816703,-2.1779653883280403e-05,0.2765767574310303,0.05290079116821289
2,365.6023971770096,365.6023971770096,-4.755380316190383e-07,0.10229301452636719,0.02696847915649414
