,UB,LB,Epsilon,MasterTime,LLTime
0,[67908.47372275],346.4322446405784,-4.109806609747775,0.49256300926208496,0.0027980804443359375
1,[10261.9874619],443.5346908650923,-1.560824903418198,0.5319488048553467,0.0031697750091552734
2,[2681.11778512],486.0186487358235,-0.7304123099082092,0.4886300563812256,0.002724885940551758
3,[1903.40570893],500.8823640991357,-0.5795430645021297,0.5049901008605957,0.002567768096923828
4,[740.62018723],512.4173457133738,-0.22517639353672925,0.5124716758728027,0.003047943115234375
5,[1085.28140544],519.118249760261,-0.36225956294153083,0.4982779026031494,0.0027437210083007812
6,[579.45261668],523.4582773656969,-0.10444342377373883,0.5780050754547119,0.0026879310607910156
7,[545.34071208],526.2245409078245,-0.055480339364382125,0.5138802528381348,18007.566473960876
