,UB,LB,Epsilon,MasterTime,LLTime
0,inf,346.4322446405784,-4.109806609747775,1.1068742275238037,0.005781412124633789
1,inf,443.5346908650923,-1.560824903418198,1.129760980606079,0.005216121673583984
2,inf,486.0186487358235,-0.7304123099082092,1.130986213684082,0.00528264045715332
3,inf,500.8823640991357,-0.5795430645021297,1.2514090538024902,0.005268096923828125
4,inf,512.4173457133738,-0.22517639353672925,1.1503419876098633,0.005420207977294922
5,inf,519.118249760261,-0.36225956294153083,1.2628133296966553,1652.4270169734955
6,inf,523.4582773656969,-0.10444342377373883,1.3067190647125244,0.0056650638580322266
7,inf,526.2245409078245,-0.055480339364382125,1.328368902206421,16350.246726989746
