,MasterObj,Epsilon,MasterTime,LLTime
0,353.18993871758295,-0.12823294459991208,0.07882475852966309,0.07675766944885254
1,353.83324928668577,-0.006573923743724008,0.11772942543029785,0.018946170806884766
2,353.8940493782078,-0.00014539075799480106,0.12067794799804688,0.01894402503967285
3,353.89533827030846,-7.545424745347695e-06,0.12567973136901855,0.01893758773803711
4,353.895405383606,-3.6874724218538546e-07,0.13559579849243164,0.020983457565307617
