,UB,LB,Epsilon,MasterTime,LLTime
0,[418.96501375],353.18993871758266,-0.12823325917036033,0.0521390438079834,0.0038399696350097656
1,[354.06692157],353.83417996707203,-0.006474653509460082,0.0760650634765625,0.0024099349975585938
2,[353.89580672],353.8940597970256,-0.0001442738410176725,0.08305692672729492,0.0027692317962646484
3,[353.89542438],353.89533883343626,-7.485192443312805e-06,0.08089900016784668,0.0026102066040039062
4,[353.89540959],353.895405410967,-3.6581736295726586e-07,0.08888792991638184,0.0026412010192871094
