,UB,LB,Epsilon,MasterTime,LLTime
0,[418.96469104],353.18993871758295,-0.12823294459991208,0.06482744216918945,0.06148791313171387
1,[354.07207443],353.83324928668577,-0.006573923743724008,0.09175372123718262,0.014960050582885742
2,[353.89581053],353.8940493782078,-0.00014539075799480106,0.09574389457702637,0.014960050582885742
3,[353.89542451],353.89533827030846,-7.545424745347695e-06,0.09976744651794434,0.015922069549560547
4,[353.8954096],353.895405383606,-3.6874724218538546e-07,0.1047201156616211,0.014960050582885742
