,UB,LB,Epsilon,MasterTime,LLTime
0,[418.96469104],353.18993871758295,-0.12823294459991208,0.07078003883361816,0.06382966041564941
1,[354.07207443],353.83324928668577,-0.006573923743724008,0.09874439239501953,0.015468358993530273
2,[353.89581053],353.8940493782078,-0.00014539075799480106,0.09978699684143066,0.014970064163208008
3,[353.89542451],353.89533827030846,-7.545424745347695e-06,0.10451626777648926,0.017952680587768555
4,[353.8954096],353.895405383606,-3.6874724218538546e-07,0.10313081741333008,0.016953229904174805
