,UB,LB,Epsilon,MasterTime,LLTime
0,inf,353.18993871758295,-0.12823294459991208,0.22289443016052246,0.16722822189331055
1,[355.22781646],353.83324928668577,-0.006573923743724008,0.26925230026245117,0.054940223693847656
2,[353.93749617],353.8940493782078,-0.00014539075799480106,0.2733168601989746,0.050813913345336914
3,[353.93749617],353.89533827030846,-7.545424745347695e-06,0.3385658264160156,0.050826311111450195
4,353.895405383606,353.895405383606,-3.6874724218538546e-07,0.1237344741821289,0.025864362716674805
