,UB,LB,Epsilon,MasterTime,LLTime
0,inf,353.18993871758266,-0.12823325917036033,0.14408278465270996,0.00719904899597168
1,[355.23076028],353.83417996707203,-0.006474653509460082,0.1898791790008545,0.00502467155456543
2,[353.9385774],353.8940597970256,-0.0001442738410176725,0.22673320770263672,0.0048601627349853516
3,[353.9385774],353.89533883343626,-7.485192443312805e-06,0.19992947578430176,0.005166769027709961
4,353.895405410967,353.895405410967,-3.6581736295726586e-07,0.08837604522705078,0.0024399757385253906
