,UB,LB,Epsilon,MasterTime,LLTime
0,[36245.8994704],353.18993871758295,-0.12823294459991208,0.1440279483795166,0.07215094566345215
1,[36245.8994704],353.83324928668577,-0.006573923743724008,0.19323062896728516,0.027966022491455078
2,[36245.8994704],353.8940493782078,-0.00014539075799480106,0.17586731910705566,0.02393198013305664
3,[36245.8994704],353.89533827030846,-7.545424745347695e-06,0.17977309226989746,0.024621009826660156
4,353.895405383606,353.895405383606,-3.6874724218538546e-07,0.1033623218536377,0.015976905822753906
