,MasterObjRes,MasterObjRel,Epsilon,MasterTime,LLTime
0,345.80954067060327,-inf,0.0,0.2729613780975342,0.0
1,[345.80954475],345.80954305098385,3.367815253174,0.487703800201416,0.001974821090698242
