,UB,LB,Epsilon,MasterTime,LLTime
0,[345.80954456],345.80954456250424,3.3678229345507487,0.056919097900390625,0.002062082290649414
