,MasterObj,Epsilon,MasterTime,LLTime
0,345.8095445625048,3.3678229345507473,0.08082222938537598,0.009970426559448242
