,UB,LB,Epsilon,MasterTime,LLTime
0,[345.80954456],345.8095445625048,3.3678229345507473,0.06682538986206055,0.008974075317382812
