,MasterObjRes,MasterObjRel,Epsilon,MasterTime,LLTime
0,345.80954067060327,-inf,0.0,0.21558189392089844,0.0
1,[345.80954474],345.80954360964796,3.3678343206757355,0.4457111358642578,0.0018677711486816406
