,MasterObjRes,MasterObjRel,Epsilon,MasterTime,LLTime
0,345.80954067060327,-inf,0.0,0.23222899436950684,0.0
1,[345.80954475],345.80954305098385,3.367815253174,0.4557788372039795,0.002028942108154297
