,MasterObjRes,MasterObjRel,Epsilon,MasterTime,LLTime
0,345.8095406678347,-inf,0.0,0.37715864181518555,0.0
1,[345.80954475],345.8095430684001,3.367815253192015,0.5612523555755615,0.0029904842376708984
