,UB,LB,Epsilon,MasterTime,LLTime
0,345.80954456250424,345.80954456250424,3.3678229345507487,0.05661582946777344,0.002032756805419922
