,UB,LB,Epsilon,MasterTime,LLTime
0,345.80954456250424,345.80954456250424,3.3678229345507487,0.0982367992401123,0.004410266876220703
