,UB,LB,Epsilon,MasterTime,LLTime
0,345.8095445625048,345.8095445625048,3.3678229345507473,0.0823965072631836,0.014580249786376953
