,UB,LB,Epsilon,MasterTime,LLTime
0,345.8095445625048,345.8095445625048,3.3678229345507473,0.06677746772766113,0.0109710693359375
