,MasterObjRes,MasterObjRel,Epsilon,MasterTime,LLTime
0,3.27077807997464,-inf,0.0,18.001304388046265,0.0
1,3.2738922876214174,-6.744035365590018,-9.187491120399368,18.49903702735901,0.8324658870697021
2,2.4434558073850994,2.014865047458735,-0.724232162332645,14.804429531097412,1.8902018070220947
3,2.443455796451847,2.3205689081100576,-0.17545238317497977,17.18883490562439,2.2076570987701416
4,2.4422957128015352,2.396353115063584,-0.006315134715632276,18.758477687835693,1.7605814933776855
5,2.4026682977655334,2.3977378148272863,-0.0029997075295523368,21.560057640075684,1.5645136833190918
6,2.400737581353761,2.3978616445855963,-1.821557119888184e-05,21.769477605819702,1.5796973705291748
7,2.397879987183738,2.397866292105798,6.501834348693336e-10,21.387181758880615,1.6159718036651611
