,MasterObjRes,MasterObjRel,Epsilon,MasterTime,LLTime
0,493.18622328714565,-inf,0.0,0.36481189727783203,0.0
1,[493.95367883],350.85371441413037,-0.40023151547850766,0.5564496517181396,0.017798185348510742
2,[370.94050435],358.89296014715273,1.4657457469979818e-09,0.5594961643218994,0.005167245864868164
3,[358.89249816],358.496032447023,8.04703104151372e-09,0.5927038192749023,0.0049245357513427734
4,[358.49599203],358.46863639832463,9.816147894525784e-11,0.598275899887085,0.003918170928955078
5,[358.46862655],358.46848994947413,6.3118110738003e-09,0.6341185569763184,0.0039038658142089844
