,MasterObjRes,MasterObjRel,Epsilon,MasterTime,LLTime
0,493.18622328115384,-inf,0.0,0.32000279426574707,0.0
1,[493.55773014],347.05850856953896,-0.5175449099977851,0.6157302856445312,0.0039937496185302734
2,[370.91251145],358.59965366217403,1.3435061951838634e-09,0.6638021469116211,0.004987478256225586
3,[358.59955031],358.46932329387255,5.833511895758647e-09,0.6731400489807129,0.0049800872802734375
4,[358.46931823],358.4689886298534,2.6764568339388006e-09,0.6880688667297363,0.0039751529693603516
