,MasterObjRes,MasterObjRel,Epsilon,MasterTime,LLTime
0,493.18622328115384,-inf,0.0,0.2852597236633301,0.0
1,[493.95367882],350.85371442760913,-0.4002315151339202,0.48752307891845703,0.009973764419555664
2,[370.94050435],358.8929601817716,1.465759957852697e-09,0.5350894927978516,0.006992816925048828
3,[358.89249816],358.4960324462468,8.047179367309809e-09,0.6256239414215088,0.00399017333984375
4,[358.49599203],358.4686363986599,9.815526169631994e-11,0.5804469585418701,0.003988981246948242
5,[358.46862655],358.4684899507612,6.311685840643122e-09,0.5969350337982178,0.002992391586303711
