,MasterObj,Epsilon,MasterTime,LLTime
0,345.11954740078124,-0.6653190704197676,0.08573055267333984,0.01994633674621582
1,358.4659169290412,2.9833913117727207e-12,0.11269879341125488,0.018949031829833984
