,UB,LB,Epsilon,MasterTime,LLTime
0,[2115.71740926],345.11954740078124,-0.6653190704197676,0.06678366661071777,0.03277230262756348
1,[358.46591693],358.4659169290412,2.9833913117727207e-12,0.08921051025390625,0.01608419418334961
