,UB,LB,Epsilon,MasterTime,LLTime
0,[2115.71740926],345.11954740078124,-0.6653190704197676,0.06383538246154785,0.013958215713500977
1,[358.46591693],358.4659169290412,2.9833913117727207e-12,0.08373212814331055,0.014003992080688477
