,UB,LB,Epsilon,MasterTime,LLTime
0,[2115.71740926],345.1195474007823,-0.6653190704197667,0.05604982376098633,0.0032858848571777344
1,[358.46591693],358.4659169290418,2.9829472225628706e-12,0.07475495338439941,0.002679109573364258
