,MasterObjRes,MasterObjRel,Epsilon,MasterTime,LLTime
0,493.18622328115384,-inf,0.0,0.23476719856262207,0.0
1,[493.95367882],350.85371442760913,-0.4002315151339202,0.4461097717285156,0.012542247772216797
2,[370.94050435],358.8929601817716,1.4657608460311167e-09,0.44580984115600586,0.003906965255737305
3,[358.89249816],358.49603244785084,8.047155830581687e-09,0.5012061595916748,0.0025777816772460938
4,[358.49599203],358.46863640839763,9.816236712367754e-11,0.5100119113922119,0.0026748180389404297
5,[358.46862655],358.4684899512264,6.311191569352559e-09,0.5347599983215332,0.0023119449615478516
