,MasterObjRes,MasterObjRel,Epsilon,MasterTime,LLTime
0,493.18622328115384,-inf,0.0,0.2337627410888672,0.0
1,[493.95367882],350.85371442760913,-0.4002315151339202,0.43251729011535645,0.00852513313293457
2,[370.94050435],358.8929601817716,1.465759957852697e-09,0.4731919765472412,0.0030295848846435547
3,[358.89249816],358.4960324462468,8.047179367309809e-09,0.49120187759399414,0.003988981246948242
4,[358.49599203],358.4686363986599,9.815526169631994e-11,0.49494504928588867,0.0030257701873779297
5,[358.46862655],358.4684899507612,6.311685840643122e-09,0.4747769832611084,0.002991914749145508
