,MasterObjRes,MasterObjRel,Epsilon,MasterTime,LLTime
0,493.18622328115384,-inf,0.0,0.2353649139404297,0.0
1,[493.21563504],345.2276680255703,-0.6323301578634211,0.4111182689666748,0.009124994277954102
2,[370.87738801],358.47277559512236,5.787874179929986e-09,0.43207597732543945,0.0024797916412353516
3,[358.47277671],358.46592400427346,7.905890164749962e-09,0.46800780296325684,0.00238800048828125
4,[358.46593127],358.4659188813473,1.5545977838371527e-08,0.4633312225341797,0.002458810806274414
