,UB,LB,Epsilon,MasterTime,LLTime
0,inf,345.1195474007823,-0.6653190704197667,0.15827727317810059,0.006148099899291992
1,358.4659169290418,358.4659169290418,2.9829472225628706e-12,0.07706689834594727,0.003961086273193359
