,UB,LB,Epsilon,MasterTime,LLTime
0,inf,345.11954740078124,-0.6653190704197676,0.20845508575439453,0.07257318496704102
1,358.4659169290412,358.4659169290412,2.9833913117727207e-12,0.1047205924987793,0.026927947998046875
