,UB,LB,Epsilon,MasterTime,LLTime
0,inf,345.11954740078124,-0.6653190704197676,0.19376301765441895,0.02794194221496582
1,358.4659169290412,358.4659169290412,2.9833913117727207e-12,0.09614205360412598,0.016602277755737305
