,MasterObjRes,MasterObjRel,Epsilon,MasterTime,LLTime
0,3.270778079661775,-inf,0.0,26.48590612411499,0.0
1,3.2738923495253736,-6.744028641310875,-9.18748442017814,35.66482496261597,0.5464396476745605
2,2.443455780342433,2.014864797485301,-0.7242325679619318,19.676466703414917,1.7723064422607422
3,2.4434557811265925,2.320568986461975,-0.17545223838798726,25.118622303009033,3.145986318588257
4,2.4422957521919826,2.3963530467435694,-0.006315170479170434,25.4098961353302,2.206672430038452
5,2.4026682974108295,2.3977377878241795,-0.002999731335438738,42.030431270599365,2.725942373275757
6,2.4007376033725425,2.3978615440668816,-1.8221119949868303e-05,38.0240740776062,3.4056496620178223
7,2.397879929534154,2.39786629700242,-3.0806785455972374e-09,36.83362174034119,1.8160591125488281
