,UB,LB,Epsilon,MasterTime,LLTime
0,2.444253932799576,2.1581458706989096,-0.28610806210066664,0.004202127456665039,0.5725281238555908
1,2.4840196532732666,2.2425404053711624,-0.24147924790210415,0.00479888916015625,0.48646020889282227
2,2.5338420699337094,2.3150641322326657,-0.21877793770104392,0.004688262939453125,1.2151930332183838
3,2.4678378968255874,2.3425101845333502,-0.1253277122922371,0.0050051212310791016,1.2057468891143799
4,2.4007518206012057,2.3970182374908413,-0.0037335831103645634,0.0052661895751953125,1.209817886352539
5,2.397871752476263,2.3978642504582215,-7.502018041533054e-06,0.005542278289794922,1.039412021636963
6,2.3978663537190132,2.397866170503357,-1.832156565351184e-07,0.0057811737060546875,1.0386271476745605
