,UB,LB,Epsilon,MasterTime,LLTime
0,2.4442539356579545,2.158145869454981,-0.28610806620297347,0.02293848991394043,0.8048481941223145
1,2.484010839308916,2.24254040534297,-0.24147043396594647,0.021942138671875,0.7675542831420898
2,2.5345627249943505,2.3140666570107555,-0.2204960679835948,0.020944833755493164,1.7034804821014404
3,2.4681150810262995,2.341931208088597,-0.12618387293770264,0.030916452407836914,1.6306407451629639
4,2.4010443854773484,2.396942491868464,-0.0041018936088845215,0.021941661834716797,1.427222728729248
5,2.3978707768294965,2.3978647967315068,-5.980097989882749e-06,0.022938013076782227,1.5488574504852295
6,2.3978663234522806,2.3978663234522806,2.6883503589925084e-08,0.02194046974182129,1.600722312927246
