,MasterObjRes,MasterObjRel,Epsilon,MasterTime,LLTime
0,3.2707780796496517,-inf,0.0,18.234822034835815,0.0
1,3.273892312576478,-6.744028575304588,-9.18748423339034,20.968995094299316,0.2854170799255371
2,2.4434556798485056,2.0146317227837325,-0.7245224360613643,14.450851202011108,1.0075781345367432
3,2.4434557572348683,2.322700185269045,-0.17007655385452444,14.275821924209595,1.218808650970459
4,2.4421221569503473,2.396307852185975,-0.006381721700349452,18.324320077896118,0.8746919631958008
5,2.4026895953735905,2.397701609184619,-0.004010831364649581,19.94129490852356,0.7210490703582764
6,2.4017125823168284,2.397862372106251,-1.4060396405279896e-05,19.911799907684326,0.9447507858276367
7,2.3978766637470934,2.3978659950400067,-1.9295009273667674e-07,26.26066565513611,0.9046928882598877
