,MasterObjRes,MasterObjRel,Epsilon,MasterTime,LLTime
0,3.2707780796496517,-inf,0.0,19.213685750961304,0.0
1,3.274217272025093,-96.74433948374387,-99.18778652129332,27.349542140960693,0.24083185195922852
2,2.4434447868979103,2.011526233022365,-0.7721713201200464,18.14164090156555,1.0243041515350342
3,2.443444584203621,2.32011663899883,-0.1897978825950276,18.42582082748413,1.6645028591156006
4,2.4427643749758996,2.3392080097627472,-0.12951517206284674,19.68101406097412,1.081390142440796
5,2.440244937753517,2.3963406990902527,-0.006425870384407395,22.312712907791138,0.948030948638916
6,2.402766755491981,2.3977383671915007,-0.003029703069133638,21.31844401359558,0.9465060234069824
7,2.400768143777324,2.3978632213990565,-1.1617502021221693e-05,19.68346405029297,0.9406132698059082
8,2.397875000670604,2.3978662276732075,9.809547618644388e-11,21.044764041900635,0.9429910182952881
