,UB,LB,Epsilon,MasterTime,LLTime
0,inf,2.158145869454981,-0.28610806620297347,0.049358367919921875,1.5245437622070312
1,inf,2.24254040534297,-0.24147043396594647,0.05115199089050293,1.7447943687438965
2,inf,2.3140666570107555,-0.2204960679835948,0.05417919158935547,3.3090643882751465
3,inf,2.341931208088597,-0.12618387293770264,0.05493021011352539,3.129228115081787
4,[2.49702134],2.396942491868464,-0.0041018936088845215,0.058793067932128906,2.9749770164489746
5,[2.40702134],2.3978647967315068,-5.980097989882749e-06,0.05686163902282715,2.943500280380249
6,2.3978663234522806,2.3978663234522806,2.6883503589925084e-08,0.05692100524902344,2.9538819789886475
