,UB,LB,Epsilon,MasterTime,LLTime
0,inf,2.158145869454981,-0.28610806620297347,0.03813672065734863,1.4211833477020264
1,inf,2.24254040534297,-0.24147043396594647,0.04390430450439453,1.4847991466522217
2,inf,2.3140666570107555,-0.2204960679835948,0.04429888725280762,2.8168444633483887
3,inf,2.341931208088597,-0.12618387293770264,0.047493696212768555,2.970458507537842
4,[2.49702134],2.396942491868464,-0.0041018936088845215,0.04793405532836914,2.791844367980957
5,[2.40702134],2.3978647967315068,-5.980097989882749e-06,0.047937631607055664,2.8366034030914307
6,2.3978663234522806,2.3978663234522806,2.6883503589925084e-08,0.04779672622680664,2.8539621829986572
