,UB,LB,Epsilon,MasterTime,LLTime
0,inf,2.1581458706989096,-0.28610806210066664,0.011792898178100586,1.0198588371276855
1,inf,2.2425404053711624,-0.24147924790210415,0.014757871627807617,0.8439610004425049
2,inf,2.3150641322326657,-0.21877793770104392,0.016858816146850586,2.1421990394592285
3,inf,2.3425101845333502,-0.1253277122922371,0.021571874618530273,2.382391929626465
4,[2.49701837],2.3970182374908413,-0.0037335831103645634,0.024853944778442383,2.4478871822357178
5,[2.40701837],2.3978642504582215,-7.502018041533054e-06,0.023395061492919922,1.9334700107574463
6,2.397866170503357,2.397866170503357,-1.832156565351184e-07,0.023240089416503906,1.9180309772491455
