,UB,LB,Epsilon,MasterTime,LLTime
0,inf,2.1581458706989096,-0.28610806210066664,0.04437112808227539,1.4307661056518555
1,inf,2.2425404053711624,-0.24147924790210415,0.05259203910827637,1.2186450958251953
2,inf,2.3150641322326657,-0.21877793770104392,0.0713338851928711,2.798229932785034
3,inf,2.3425101845333502,-0.1253277122922371,0.03069305419921875,2.923855781555176
4,[2.4970184],2.3970182374908413,-0.0037335831103645634,0.0447697639465332,3.1424217224121094
5,[2.4070184],2.3978642504582215,-7.502018041533054e-06,0.0600438117980957,3.178941011428833
6,2.397866170503357,2.397866170503357,-1.832156565351184e-07,0.06592774391174316,3.050626039505005
