,MasterObjRes,MasterObjRel,Epsilon,MasterTime,LLTime
0,7.803016539969907,-inf,0.0,4223.74655008316,0.0
1,7.826316458001078,-2.3129781446949833,-8.60619723674736,3858.2753551006317,4.763136148452759
2,6.2932193388670346,5.967963023658255,-0.6514102995591043,3526.0097830295563,1.9942758083343506
3,6.293219311463039,6.1783041404611945,-0.2186136169234744,3047.2429950237274,1.399393081665039
4,6.293219936705595,6.202277227456324,-0.11759025419582911,3180.385904788971,3.7352709770202637
5,6.290718832354106,6.231649948827482,-0.06925746493042587,4300.94763302803,4.225635051727295
