,MasterObjRes,MasterObjRel,Epsilon,MasterTime,LLTime
0,7.803016539969907,-inf,0.0,4037.904454946518,0.0
1,7.827077566617558,-92.31364494432461,-98.60685591146436,6156.681963920593,3.8758180141448975
2,6.293203335013213,5.96603107005328,-0.6926638257760744,4027.491986989975,2.0074350833892822
3,6.2932036061252425,6.178084849518346,-0.23074471645305938,3689.837521791458,1.677642822265625
4,6.293203382094276,6.202203388643252,-0.11989133912627714,2917.463629961014,4.308787822723389
