,MasterObjRes,MasterObjRel,Epsilon,MasterTime,LLTime
0,425.1353870870867,-inf,0.0,0.37979602813720703,0.0
1,[425.35217439],373.48852330677386,-0.30828054332784904,0.5465466976165771,0.003963947296142578
2,[380.9847037],378.50681515055453,6.914846473193847e-11,0.6957910060882568,0.004093647003173828
3,[378.50670508],378.3021897338943,1.4107232604310127e-08,0.8335506916046143,0.005194902420043945
4,[378.30219933],378.3012058218327,2.2656475695548295e-08,0.6771934032440186,0.004135847091674805
5,[378.30121767],378.30026822384457,2.1720952370074542e-08,0.677452564239502,0.004730939865112305
6,[378.30027821],378.29937254873397,1.5239884132434156e-08,0.6399273872375488,0.00413966178894043
7,[378.29938314],378.2985157818032,1.8813847479925982e-08,0.6161935329437256,0.004249095916748047
8,[378.29852738],378.29769793586945,1.7847200939336005e-08,0.6420092582702637,0.006765604019165039
