,MasterObjRes,MasterObjRel,Epsilon,MasterTime,LLTime
0,425.13538708782113,-inf,0.0,0.2773745059967041,0.0
1,[425.35217439],373.4885232983237,-0.30828054330730237,0.5398447513580322,0.0039825439453125
2,[380.9847037],378.5068153263851,6.915201744561728e-11,0.5708000659942627,0.003989696502685547
3,[378.50670509],378.3021897336334,1.4107369938898273e-08,0.6871654987335205,0.003986835479736328
4,[378.30219933],378.3012058229093,2.265659582167956e-08,0.6732981204986572,0.006983757019042969
5,[378.30121767],378.30026822376846,2.1721078269365535e-08,0.6881580352783203,0.0049800872802734375
6,[378.30027821],378.29937254785074,1.5239728479166104e-08,0.6076369285583496,0.0029768943786621094
7,[378.29938314],378.29851578138295,1.8813665514372246e-08,0.5664951801300049,0.003981828689575195
8,[378.29852738],378.29769793509445,1.7847341160504016e-08,0.553520679473877,0.00401616096496582
