,MasterObjRes,MasterObjRel,Epsilon,MasterTime,LLTime
0,425.13538708782113,-inf,0.0,0.23885273933410645,0.0
1,[425.35217439],373.4885232983237,-0.30828054330730237,0.4384305477142334,0.0030243396759033203
2,[380.9847037],378.5068153263851,6.915201744561728e-11,0.47541069984436035,0.003024578094482422
3,[378.50670509],378.3021897336334,1.4107369938898273e-08,0.4677572250366211,0.0029914379119873047
4,[378.30219933],378.3012058229093,2.265659582167956e-08,0.48189353942871094,0.0040247440338134766
5,[378.30121767],378.30026822376846,2.1721078269365535e-08,0.47339653968811035,0.0030231475830078125
6,[378.30027821],378.29937254785074,1.5239728479166104e-08,0.4845094680786133,0.0035409927368164062
7,[378.29938314],378.29851578138295,1.8813665514372246e-08,0.48044729232788086,0.0020279884338378906
8,[378.29852738],378.29769793509445,1.7847341160504016e-08,0.49141407012939453,0.003034353256225586
