,MasterObj,Epsilon,MasterTime,LLTime
0,370.8941851132521,-0.5090553277079272,0.09873771667480469,0.021938800811767578
1,378.2792528472493,1.1401546373690508e-11,0.13268423080444336,0.021901369094848633
