,UB,LB,Epsilon,MasterTime,LLTime
0,[1407.44349178],370.8941851132521,-0.5090553277079272,0.06383085250854492,0.013962030410766602
1,[378.27925285],378.2792528472493,1.1401546373690508e-11,0.0852363109588623,0.01495981216430664
