,UB,LB,Epsilon,MasterTime,LLTime
0,[1407.44349178],370.8941851132523,-0.5090553277079263,0.056593894958496094,0.0028798580169677734
1,[378.27925285],378.2792528472483,1.1401546373690508e-11,0.07350492477416992,0.0034089088439941406
