,UB,LB,Epsilon,MasterTime,LLTime
0,[1407.44349178],370.8941851132521,-0.5090553277079272,0.06385540962219238,0.0139617919921875
1,[378.27925285],378.2792528472493,1.1401546373690508e-11,0.08975887298583984,0.014960289001464844
