,MasterObjRes,MasterObjRel,Epsilon,MasterTime,LLTime
0,425.13538708782113,-inf,0.0,0.22072076797485352,0.0
1,[425.14525954],370.94570535023803,-0.48227357328659237,0.4205172061920166,0.002524852752685547
2,[379.74036477],378.28137002131655,5.990073659312145e-09,0.4449808597564697,0.002627134323120117
3,[378.28138251],378.27924917498433,2.7202120556069076e-08,0.46304893493652344,0.002566814422607422
4,[378.27926231],378.2792522218064,1.9585426724866295e-08,0.47619104385375977,0.0025920867919921875
