,MasterObjRes,MasterObjRel,Epsilon,MasterTime,LLTime
0,425.13538708782113,-inf,0.0,0.23659586906433105,0.0
1,[425.35217439],373.4885232983237,-0.30828054330730237,0.4476180076599121,0.0031082630157470703
2,[380.9847037],378.5068153263851,6.915201744561728e-11,0.48990726470947266,0.002696990966796875
3,[378.50670509],378.3021897336334,1.4107369938898273e-08,0.49680519104003906,0.0027701854705810547
4,[378.30219933],378.3012058229093,2.265659582167956e-08,0.5012669563293457,0.0028839111328125
5,[378.30121767],378.30026822376846,2.1721078269365535e-08,0.5000760555267334,0.0028450489044189453
6,[378.30027821],378.29937254785074,1.5239728479166104e-08,0.5088362693786621,0.0027709007263183594
7,[378.29938314],378.29851578138295,1.8813665514372246e-08,0.4956238269805908,0.002668142318725586
8,[378.29852738],378.29769793509445,1.7847341160504016e-08,0.5154249668121338,0.0027289390563964844
