,UB,LB,Epsilon,MasterTime,LLTime
0,inf,370.8941851132521,-0.5090553277079272,0.20995187759399414,0.05284762382507324
1,378.2792528472493,378.2792528472493,1.1401546373690508e-11,0.0988614559173584,0.026887178421020508
