,UB,LB,Epsilon,MasterTime,LLTime
0,inf,370.8941851132521,-0.5090553277079272,0.183516263961792,0.030879735946655273
1,378.2792528472493,378.2792528472493,1.1401546373690508e-11,0.10422945022583008,0.021941423416137695
