,UB,LB,Epsilon,MasterTime,LLTime
0,inf,370.8941851132523,-0.5090553277079263,0.1538228988647461,0.006470918655395508
1,378.2792528472483,378.2792528472483,1.1401546373690508e-11,0.07782721519470215,0.002892017364501953
