,UB,LB,Epsilon,MasterTime,LLTime
0,inf,345.5224083253539,-1.6459300370203196,0.8289656639099121,2.934187889099121
1,inf,376.3831439896314,-0.167174586521309,0.9323809146881104,53.52348327636719
2,[386.04305601],381.2681450508831,-0.04866325742450939,0.9016058444976807,4040.9065713882446
3,[386.04305601],381.45636779287224,-0.022316231149603016,0.9428756237030029,4203.9731822013855
4,[386.04305601],381.79525358757735,-0.01494631054920581,0.9981718063354492,697.8890347480774
5,[386.04305601],381.8798728503875,-0.006610220789452725,0.9391825199127197,833.8620779514313
6,[382.28076003],382.10900357212546,-0.004324415258354364,1.0083825588226318,3540.3399605751038
7,[382.28076003],382.12136106854786,-0.001646505048860769,0.9556174278259277,1626.7396388053894
8,[382.28076003],382.14337564729294,-0.0009327823295988136,0.9889380931854248,3001.1687026023865
